Record,PDF page,Title,Vesalius source count,Vesalius pages and scans,Change tags,Comparison,Source check,NYPL record,Geminus display record
01,3,Skeleton I,1,Fabrica / p. 163 / scan 183,Landscape / setting; Omitted; Retained,Distant hills and landscape are omitted; the spade and the ground beneath the skeleton remain. The omitted scenery offers a way to compare the body’s relation to its environment.,,https://old-digitalcollections.nypl.org/items/510d47dd-f260-a3d9-e040-e00a18064a99,https://wellcomecollection.org/works/dweu2ycs
02,4,Skeleton II,1,Fabrica / p. 164 / scan 184,Landscape / setting; Omitted; Retained; Text / labels,"The pedestal and skull remain, but the pedestal inscription “Vivitur ingenio, caetera mortis erunt” is absent from this plate. The surrounding plants and ground also change. The missing words can be considered alongside the missing landscape; this does not establish that the words disappeared from the whole book.",,https://old-digitalcollections.nypl.org/items/510d47dd-f261-a3d9-e040-e00a18064a99,https://wellcomecollection.org/works/dweu2ycs
03,5,Muscle I,1,Fabrica / p. 170 / scan 190,Landscape / setting; Omitted; Retained,"Buildings, a town and the distant setting behind the figure are substantially omitted. The body and a small patch of ground remain.",,https://old-digitalcollections.nypl.org/items/510d47dd-f270-a3d9-e040-e00a18064a99,https://wellcomecollection.org/works/dweu2ycs
04,6,Muscle II,1,Fabrica / p. 174 / scan 194,Landscape / setting; Omitted; Retained,"Trees, architecture and distant scenery are omitted, while the ground beneath the body is simplified.",,https://old-digitalcollections.nypl.org/items/510d47dd-f271-a3d9-e040-e00a18064a99,https://wellcomecollection.org/works/dweu2ycs
05,7,Muscle III,1,Fabrica / p. 178 / scan 198,Landscape / setting; Omitted,"Trees, settlement and distant scenery are omitted. A more open field surrounds the anatomical figure.",,https://old-digitalcollections.nypl.org/items/510d47dd-f272-a3d9-e040-e00a18064a99,https://wellcomecollection.org/works/dweu2ycs
06,8,Muscle IV,1,Fabrica / p. 181 / scan 201,Landscape / setting; Omitted; Retained,Distant buildings and terrain are omitted. Some foreground plants and ground remain or are redrawn.,,https://old-digitalcollections.nypl.org/items/510d47dd-f273-a3d9-e040-e00a18064a99,https://wellcomecollection.org/works/dweu2ycs
07,9,Muscle V,1,Fabrica / p. 184 / scan 204,Landscape / setting; Omitted; Retained,"Large architectural, rocky and landscape elements are omitted. Smaller areas of ground and vegetation remain.",,https://old-digitalcollections.nypl.org/items/510d47dd-f274-a3d9-e040-e00a18064a99,https://wellcomecollection.org/works/dweu2ycs
08,10,Muscle VI,1,Fabrica / p. 187 / scan 207,Landscape / setting; Omitted,"Architecture, rocks and distant scenery are omitted, weakening the figure’s visual connection to its surrounding environment.",,https://old-digitalcollections.nypl.org/items/510d47dd-f276-a3d9-e040-e00a18064a99,https://wellcomecollection.org/works/dweu2ycs
09,11,Muscle VII,1,Fabrica / p. 190 / scan 210,Landscape / setting; Retained,"The beam, rope and supporting apparatus remain. Ground, plants and the surrounding setting are simplified. This example makes it possible to ask which supporting objects are retained.",,https://old-digitalcollections.nypl.org/items/510d47dd-f277-a3d9-e040-e00a18064a99,https://wellcomecollection.org/works/dweu2ycs
10,12,Muscle VIII,1,Fabrica / p. 192 / scan 212,Landscape / setting; Retained,"The brick wall and column remain as supports, while surrounding scenery and ground details are simplified. This is not a case in which every background element disappears.",,https://old-digitalcollections.nypl.org/items/510d47dd-f278-a3d9-e040-e00a18064a99,https://wellcomecollection.org/works/dweu2ycs
11,13,Muscle IX,1,Fabrica / p. 194 / scan 214,Landscape / setting; Omitted,"Extended distant buildings and terrain are omitted, leaving the anatomical figure more isolated.",,https://old-digitalcollections.nypl.org/items/510d47dd-f27c-a3d9-e040-e00a18064a99,https://wellcomecollection.org/works/dweu2ycs
12,14,Muscle X,1,Fabrica / p. 197 / scan 217,Landscape / setting; Omitted; Retained,"The bridge, buildings and extended distant view are omitted. A local patch of ground remains beneath the body.",,https://old-digitalcollections.nypl.org/items/510d47dd-f2bd-a3d9-e040-e00a18064a99,https://wellcomecollection.org/works/dweu2ycs
13,15,Muscle XI,2,Fabrica / p. 200 / scan 220; Fabrica / p. 201 / scan 221,Landscape / setting; Omitted; Rearranged,Distant architecture and trees are omitted. A separate anatomical illustration from Fabrica p. 201 is added at the lower right of the Geminus plate beside the full-length figure from p. 200. Omission and cross-page combination occur together.,,https://old-digitalcollections.nypl.org/items/510d47dd-f2be-a3d9-e040-e00a18064a99,https://wellcomecollection.org/works/dweu2ycs
14,16,Muscle XII,1,Fabrica / p. 203 / scan 223,Landscape / setting; Omitted; Retained,Distant scenery is substantially reduced. The body and a local patch of ground remain.,,https://old-digitalcollections.nypl.org/items/510d47dd-f2bf-a3d9-e040-e00a18064a99,https://wellcomecollection.org/works/dweu2ycs
15,17,Muscle XIII,1,Fabrica / p. 206 / scan 226,Landscape / setting; Omitted; Retained,Ruins and trees are omitted. Parts of the supporting structures and ground remain or are redrawn.,,https://old-digitalcollections.nypl.org/items/510d47dd-f2d0-a3d9-e040-e00a18064a99,https://wellcomecollection.org/works/dweu2ycs
16,18,Muscle XIV,1,Fabrica / p. 208 / scan 228,Landscape / setting; Retained,"The seat and supporting structure remain. Ground, rocks and plants are locally redrawn. The changes are selective; the whole setting should not be treated as deleted.",,https://old-digitalcollections.nypl.org/items/510d47dd-f2d1-a3d9-e040-e00a18064a99,https://wellcomecollection.org/works/dweu2ycs
17,19,Male & female figures,2,Epitome / scan 32; Epitome / scan 33,Rearranged,Male and female figures appearing on separate Epitome pages are combined on one plate. The skull held by the male figure is replaced by an apple; a skull and snake appear on the ground. These changes alter the image’s reading cues as well as its composition.,,https://old-digitalcollections.nypl.org/items/510d47dd-f25f-a3d9-e040-e00a18064a99,https://wellcomecollection.org/works/dweu2ycs
18,20,Muscle XV,11,Fabrica / p. 211 / scan 231; Fabrica / p. 212 / scan 232; Fabrica / p. 214 / scan 234; Fabrica / p. 219 / scan 239; Fabrica / p. 238 / scan 258; Fabrica / p. 239 / scan 259; Fabrica / p. 252 / scan 272; Fabrica / p. 253 / scan 273; Fabrica / p. 279 / scan 299; Fabrica / p. 300 / scan 320; Fabrica / p. 328 / scan 348,Rearranged; Text / labels,"Muscle details distributed across eleven source pages are assembled on one plate. The source range includes p. 238; neighbouring pages also need to be read when tracing the smaller figures. This comparison concerns sampling, combination and the relation between image and text, rather than treating all prose on the original pages as deleted.",,https://old-digitalcollections.nypl.org/items/510d47dd-f2d2-a3d9-e040-e00a18064a99,https://wellcomecollection.org/works/dweu2ycs
19,21,Throat & pelvic muscles,2,Fabrica / p. 256 / scan 276; Fabrica / p. 325 / scan 345,Rearranged,The thirteen laryngeal muscle studies on Fabrica p. 256 are combined with perineal or pelvic muscle figures from p. 325. The small oral figure marked XIV remains a separate source question.,The source of the small oral figure marked XIV on the right is not yet confirmed.,https://old-digitalcollections.nypl.org/items/510d47dd-f2d3-a3d9-e040-e00a18064a99,https://wellcomecollection.org/works/dweu2ycs
20,22,Portal vein,2,Fabrica / p. 362 / scan 382; Fabrica / p. 363 / scan 383,Rearranged,"The main illustration and additional smaller figures, originally placed on separate pages, are arranged together on the same Geminus plate.",,https://old-digitalcollections.nypl.org/items/510d47dd-f2d4-a3d9-e040-e00a18064a99,https://wellcomecollection.org/works/dweu2ycs
21,23,Vena cava,1,Fabrica / p. 368 / scan 388,Re-engraved; Text / labels,"The main vena cava composition can be paired with Fabrica p. 368. Compare the image’s relation to the original heading and explanatory text; this is not an example of landscape removal. A matching high-resolution image in the Wellcome copy has not been identified in this selection, so the Geminus image is the NYPL reference.",,https://old-digitalcollections.nypl.org/items/510d47dd-f2d5-a3d9-e040-e00a18064a99,https://old-digitalcollections.nypl.org/items/510d47dd-f2d5-a3d9-e040-e00a18064a99
22,24,Arteries,2,Fabrica / p. 395 / scan 415; Fabrica / p. 397 / scan 417,Rearranged,The full-body arterial figure is combined with smaller branching diagrams from p. 397. Their relative sizes and positions are rearranged; the small figure marked V remains to be sourced.,The source of the small figure marked V on the right remains to be confirmed.,https://old-digitalcollections.nypl.org/items/510d47dd-f2d6-a3d9-e040-e00a18064a99,https://wellcomecollection.org/works/dweu2ycs
23,25,Cerebral & thoracic vessels,2,Fabrica / p. 405 / scan 425; Fabrica / p. 411 / scan 431,Rearranged,"Previously separate cerebral and thoracic vascular illustrations are brought into one image field, changing the relationship between the adjacent studies.",,https://old-digitalcollections.nypl.org/items/510d47dd-f2e7-a3d9-e040-e00a18064a99,https://wellcomecollection.org/works/dweu2ycs
24,26,Vascular foldout,3,Fabrica / scan 434; Fabrica / scan 435; Fabrica / scan 437,Rearranged,"The source images show the upper and lower sections of the Basel foldout and a related detail scan. Geminus places the large principal figure and smaller illustrations together on one plate. The main composition and several details are matched, but the complete numbering of the small figures is still under review.",The main composition and several details are matched; the correspondence of every small numbered figure is still being checked.,https://old-digitalcollections.nypl.org/items/510d47dd-f38c-a3d9-e040-e00a18064a99,https://wellcomecollection.org/works/dweu2ycs
25,27,Nerves I–IV,4,Fabrica / p. 418 / scan 442; Fabrica / p. 419 / scan 443; Fabrica / p. 428 / scan 452; Fabrica / p. 431 / scan 455,Rearranged,"Illustrations of the brain base, brain and spinal cord, local nerves and spinal cord from separate pages are gathered onto a single plate.",,https://old-digitalcollections.nypl.org/items/510d47dd-f38d-a3d9-e040-e00a18064a99,https://wellcomecollection.org/works/dweu2ycs
26,28,Nerves V,1,Fabrica / p. 432 / scan 456,Re-engraved; Text / labels,The principal illustration corresponds to the source book’s full-body nervous system. Compare the labels and the space around the figure; this is not classified as a landscape-removal example.,,https://old-digitalcollections.nypl.org/items/510d47dd-f38e-a3d9-e040-e00a18064a99,https://wellcomecollection.org/works/dweu2ycs
27,29,Nerves VI,1,Fabrica / p. 433 / scan 457,Re-engraved; Text / labels,"The separate nerve structure is re-engraved as an independent plate. Compare the linework, labels and surrounding space.",,https://old-digitalcollections.nypl.org/items/510d47dd-f38f-a3d9-e040-e00a18064a99,https://wellcomecollection.org/works/dweu2ycs
28,30,Nerves VII–VIII,2,Fabrica / scan 478; Fabrica / scan 479,Rearranged,"The source foldout is represented by two scans, which can be compared with Geminus’s complete full-body nervous system. The independent source of the arm detail at the lower right has not been fully confirmed.",The independent source of the small arm illustration at the lower right is not fully confirmed.,https://old-digitalcollections.nypl.org/items/510d47dd-f390-a3d9-e040-e00a18064a99,https://wellcomecollection.org/works/dweu2ycs
29,31,Abdomen I–IV,4,Fabrica / p. 455 / scan 481; Fabrica / p. 456 / scan 482; Fabrica / p. 457 / scan 483; Fabrica / p. 458 / scan 484,Rearranged,Abdominal studies from consecutive source pages are arranged on one plate. The relative sizes of the bodies and their reading order change with the new arrangement.,,https://old-digitalcollections.nypl.org/items/510d47dd-f391-a3d9-e040-e00a18064a99,https://wellcomecollection.org/works/dweu2ycs
30,32,Abdomen V–X,5,Fabrica / p. 460 / scan 486; Fabrica / p. 461 / scan 487; Fabrica / p. 462 / scan 488; Fabrica / p. 463 / scan 489; Fabrica / p. 464 / scan 490,Rearranged; Text / labels,"Abdominal, intestinal and local illustrations from consecutive source pages are brought together. Figure numbers also change: for example, a body labelled VI in the source is labelled V on the Geminus plate.",,https://old-digitalcollections.nypl.org/items/510d47dd-f392-a3d9-e040-e00a18064a99,https://wellcomecollection.org/works/dweu2ycs
31,33,Urinary & reproductive anatomy,4,Fabrica / p. 470 / scan 496; Fabrica / p. 471 / scan 497; Fabrica / p. 472 / scan 498; Fabrica / p. 474 / scan 500,Rearranged,A principal body figure and local urinary and reproductive structures are arranged together on one plate.,,https://old-digitalcollections.nypl.org/items/510d47dd-f393-a3d9-e040-e00a18064a99,https://wellcomecollection.org/works/dweu2ycs
32,34,Abdomen XI–XVIII,4,Fabrica / p. 465 / scan 491; Fabrica / p. 467 / scan 493; Fabrica / p. 468 / scan 494; Fabrica / p. 469 / scan 495,Rearranged,Organ illustrations and body details originally distributed across several pages are regrouped into a new arrangement.,,https://old-digitalcollections.nypl.org/items/510d47dd-f394-a3d9-e040-e00a18064a99,https://wellcomecollection.org/works/dweu2ycs
33,35,Female reproductive anatomy,6,Fabrica / p. 477 / scan 503; Fabrica / p. 478 / scan 504; Fabrica / p. 480 / scan 506; Fabrica / p. 481 / scan 507; Fabrica / p. 482 / scan 508; Fabrica / p. 472 / scan 498,Rearranged,"The female body, uterine structures and related details are compiled together. Fabrica p. 472 is also included because it helps trace an image repeated in another plate group.",,https://old-digitalcollections.nypl.org/items/510d47dd-f396-a3d9-e040-e00a18064a99,https://wellcomecollection.org/works/dweu2ycs
34,36,"Thorax, heart & lungs",10,Fabrica / p. 559 / scan 585; Fabrica / p. 560 / scan 586; Fabrica / p. 561 / scan 587; Fabrica / p. 562 / scan 588; Fabrica / p. 563 / scan 589; Fabrica / p. 564 / scan 590; Fabrica / p. 565 / scan 591; Fabrica / p. 566 / scan 592; Fabrica / p. 567 / scan 593; Fabrica / p. 568 / scan 594,Rearranged,"From the human thorax to the heart, lungs and smaller sections, illustrations from ten source pages are gathered into one image field. A sequence of anatomical views becomes a group that can be viewed simultaneously.",,https://old-digitalcollections.nypl.org/items/510d47dd-f397-a3d9-e040-e00a18064a99,https://wellcomecollection.org/works/dweu2ycs
35,37,Brain I,6,Fabrica / p. 605 / scan 631; Fabrica / p. 606 / scan 632; Fabrica / p. 614 / scan 640; Fabrica / p. 615 / scan 641; Fabrica / p. 616 / scan 642; Fabrica / p. 617 / scan 643,Rearranged,"Head dissections I and II are arranged with later small figures IX–XII, interrupting the source book’s continuous page order. Wellcome scan 165, used for this Geminus plate, is different from the excluded printed Fabrica p. 165.",,https://old-digitalcollections.nypl.org/items/510d47dd-f399-a3d9-e040-e00a18064a99,https://wellcomecollection.org/works/dweu2ycs
36,38,Brain II,4,Fabrica / p. 607 / scan 633; Fabrica / p. 608 / scan 634; Fabrica / p. 618 / scan 644; Fabrica / p. 619 / scan 645,Rearranged,"Head dissections III and IV are juxtaposed with later brain details, establishing a reading relationship different from the original page sequence.",,https://old-digitalcollections.nypl.org/items/510d47dd-f39a-a3d9-e040-e00a18064a99,https://wellcomecollection.org/works/dweu2ycs
37,39,Brain III,5,Fabrica / p. 609 / scan 635; Fabrica / p. 610 / scan 636; Fabrica / p. 620 / scan 646; Fabrica / p. 621 / scan 647; Fabrica / p. 418 / scan 442,Rearranged,"Head figures V and VI are arranged with details XV–XIX. The brain-base image marked XX at the lower right corresponds to Fabrica p. 418 in the chapter on nerves, creating a cross-chapter grouping.",,https://old-digitalcollections.nypl.org/items/510d47dd-f39b-a3d9-e040-e00a18064a99,https://wellcomecollection.org/works/dweu2ycs
38,40,Brain IV & skulls,5,Fabrica / p. 611 / scan 637; Fabrica / p. 613 / scan 639; Fabrica / p. 24 / scan 44; Fabrica / p. 25 / scan 45; Fabrica / p. 33 / scan 53,Rearranged,"Head figures VII and VIII are regrouped with skull, skullcap, sphenoid and small-bone illustrations from the first book of the Fabrica.",,https://old-digitalcollections.nypl.org/items/510d47dd-f39c-a3d9-e040-e00a18064a99,https://wellcomecollection.org/works/dweu2ycs
39,41,"Eyes, instruments & pig",4,Fabrica / p. 643 / scan 669; Fabrica / p. 644 / scan 670; Fabrica / p. 235 / scan 255; Fabrica / p. 661 / scan 687,Rearranged,"Eye sections, a table of dissection instruments and the restrained pig come from different chapters and pages, yet share one Geminus plate. Their new grouping offers a way to examine classification and relationships created by looking at images together.",,https://old-digitalcollections.nypl.org/items/510d47dd-f39d-a3d9-e040-e00a18064a99,https://wellcomecollection.org/works/dweu2ycs
